time,ax,ay,az,atotal
0.000,0.16,-0.14,-0.46,0.51
0.010,0.07,0.13,-0.88,0.89
0.020,0.04,0.16,-0.91,0.93
0.030,0.10,0.03,-0.68,0.69
0.040,0.14,-0.09,-0.47,0.50
0.050,0.18,-0.03,-0.47,0.51
0.060,0.14,-0.04,-0.60,0.61
0.070,-0.01,-0.06,-0.70,0.70
0.080,-0.01,-0.04,-0.54,0.54
0.090,0.20,0.08,-0.21,0.30
0.100,0.30,0.17,0.02,0.35
0.110,0.30,0.10,0.03,0.32
0.120,0.13,0.10,-0.31,0.35
0.130,-0.47,0.15,-1.01,1.13
0.140,-1.01,0.12,-1.85,2.11
0.150,-0.87,1.08,-2.88,3.19
0.160,-0.60,2.29,-3.99,4.64
0.170,-1.34,2.97,-5.80,6.65
0.180,-0.29,-0.14,-7.33,7.34
0.190,1.47,-1.10,-6.85,7.09
0.200,1.71,-0.51,-6.04,6.30
0.210,2.06,-1.67,-7.07,7.55
0.220,2.64,-2.86,-8.80,9.62
0.231,3.20,-3.00,-8.79,9.82
0.240,3.75,-2.92,-8.53,9.76
0.251,4.30,-2.90,-8.27,9.76
0.261,4.81,-2.87,-8.00,9.77
0.271,5.29,-2.85,-7.69,9.76
0.281,5.78,-2.80,-7.36,9.77
0.291,6.26,-2.79,-7.00,9.79
0.301,6.65,-2.76,-6.61,9.77
0.311,7.08,-2.74,-6.17,9.78
0.321,7.45,-2.70,-5.75,9.79
0.331,7.79,-2.68,-5.30,9.80
0.341,8.12,-2.66,-4.82,9.81
0.351,8.40,-2.62,-4.34,9.81
0.361,8.64,-2.59,-3.84,9.80
0.371,8.86,-2.56,-3.33,9.80
0.381,9.06,-2.55,-2.81,9.82
0.391,9.22,-2.51,-2.29,9.83
0.401,9.35,-2.48,-1.75,9.83
0.411,9.44,-2.46,-1.20,9.83
0.421,9.53,-2.43,-0.65,9.86
0.431,9.57,-2.41,-0.13,9.87
0.441,9.54,-2.39,0.43,9.84
0.451,9.51,-2.36,0.98,9.84
0.461,9.45,-2.33,1.52,9.85
0.471,9.34,-2.30,2.05,9.84
0.481,9.20,-2.29,2.58,9.82
0.491,9.02,-2.26,3.10,9.80
0.501,8.81,-2.24,3.59,9.77
0.511,8.56,-2.21,4.08,9.73
0.521,8.27,-2.18,4.53,9.68
0.531,7.94,-2.16,4.99,9.63
0.541,7.55,-2.12,5.44,9.54
0.551,7.13,-2.09,5.86,9.46
0.561,6.67,-2.08,6.31,9.42
0.571,6.16,-2.04,6.72,9.34
0.581,5.63,-1.99,7.08,9.26
0.591,5.08,-1.96,7.41,9.19
0.601,4.45,-1.92,7.70,9.09
0.611,3.80,-1.89,7.92,8.98
0.621,3.14,-1.84,8.14,8.92
0.631,2.46,-1.81,8.37,8.91
0.641,1.76,-1.76,8.49,8.85
0.651,1.04,-1.71,8.57,8.80
0.661,0.34,-1.66,8.64,8.80
0.672,-0.39,-1.59,8.56,8.71
0.681,-1.11,-1.53,8.46,8.67
0.692,-1.83,-1.45,8.30,8.63
0.701,-1.76,-0.75,8.03,8.26
0.712,47.30,15.31,-67.09,83.50
0.721,15.90,-61.71,-303.15,309.77
0.732,-42.25,-32.55,-34.30,63.41
0.741,4.50,2.77,30.56,31.02
0.752,-5.48,-7.67,5.31,10.82
0.761,-4.91,-6.83,9.85,12.96
0.772,-5.49,-7.85,7.96,12.46
0.781,-5.98,-8.57,7.06,12.61
0.792,-6.32,-9.21,6.08,12.72
0.802,-6.58,-9.77,5.06,12.82
0.812,-6.76,-10.27,3.94,12.91
0.822,-6.77,-10.66,2.78,12.93
0.832,-6.65,-10.96,1.61,12.92
0.842,-6.40,-11.16,0.41,12.87
0.852,-6.00,-11.27,-0.76,12.79
0.862,-5.42,-11.29,-1.85,12.65
0.872,-4.71,-11.21,-2.90,12.50
0.882,-3.83,-11.06,-3.87,12.33
0.892,-2.79,-10.83,-4.67,12.12
0.902,-1.63,-10.56,-5.34,11.95
0.912,-0.37,-10.24,-5.81,11.78
0.922,0.98,-9.87,-6.08,11.63
0.932,2.38,-9.46,-6.14,11.52
0.942,3.79,-9.04,-6.01,11.50
0.952,5.16,-8.61,-5.67,11.53
0.962,6.46,-8.16,-5.09,11.59
0.972,7.66,-7.72,-4.34,11.71
0.982,8.70,-7.25,-3.49,11.85
0.992,9.58,-6.79,-2.43,12.00
1.002,10.25,-6.31,-1.32,12.11
1.012,10.72,-5.82,-0.20,12.19
1.022,10.98,-5.31,0.96,12.23
1.032,11.03,-4.75,2.05,12.18
1.042,10.92,-4.16,3.06,12.08
1.052,10.60,-3.55,3.99,11.87
1.062,10.17,-2.90,4.79,11.61
1.072,9.63,-2.22,5.46,11.29
1.082,8.99,-1.52,5.97,10.90
1.092,8.29,-0.80,6.31,10.44
1.102,7.55,-0.07,6.49,9.95
1.112,6.81,0.63,6.53,9.46
1.122,6.07,1.34,6.44,8.95
1.132,5.36,2.01,6.18,8.43
1.142,4.71,2.63,5.83,7.94
1.152,4.11,3.20,5.33,7.45
1.162,3.58,3.73,4.73,7.01
1.172,3.13,4.18,4.05,6.61
1.182,2.78,4.57,3.30,6.29
1.193,2.53,4.88,2.50,6.04
1.202,2.35,5.11,1.67,5.87
1.213,2.29,5.22,0.79,5.76
1.222,-1.62,-3.56,-0.66,3.96
1.233,-3.60,-80.80,13.25,81.96
1.243,-14.56,-89.93,-88.17,126.78
1.253,-7.43,-65.55,60.07,89.23
1.263,1.53,-8.87,-25.76,27.29
1.273,-2.12,11.22,17.29,20.72
1.283,-1.61,-0.69,-4.86,5.16
1.293,-1.59,2.42,3.93,4.88
1.303,-1.22,1.79,0.20,2.17
1.313,-0.59,1.09,-0.24,1.26
1.323,-0.57,-0.18,-0.06,0.60
1.333,-0.32,-0.24,-0.89,0.98
1.343,-0.15,0.17,-0.67,0.70
1.353,0.20,0.05,-0.91,0.93
1.363,0.27,0.18,-0.91,0.96
1.373,0.37,0.33,-2.39,2.44
1.383,0.40,0.27,-2.15,2.20
1.393,0.16,0.37,-2.26,2.30
1.403,0.08,0.12,-2.32,2.32
1.413,0.30,-0.09,-1.78,1.80
1.423,0.40,-0.19,-0.88,0.99
1.433,0.24,0.11,-0.61,0.66
1.443,0.02,0.03,-0.16,0.16
1.453,-0.02,0.16,-0.14,0.22
1.463,0.17,0.02,-0.00,0.17
1.473,0.41,-0.04,0.02,0.41
1.483,0.20,-0.00,-0.11,0.23
1.493,0.11,0.03,-0.38,0.40
1.503,0.26,-0.00,-0.62,0.67
1.513,0.22,-0.02,-0.94,0.96
1.523,0.23,-0.05,-1.21,1.24
1.533,0.15,0.07,-1.23,1.24
1.543,0.11,0.02,-1.23,1.24
1.553,0.29,-0.01,-0.98,1.02
1.563,0.18,0.00,-0.65,0.68
1.573,0.16,0.00,-0.50,0.52
1.583,0.22,-0.02,-0.43,0.48
1.593,0.21,-0.01,-0.41,0.46
1.603,0.18,-0.02,-0.47,0.50
1.613,0.19,0.01,-0.62,0.64
1.623,0.19,0.01,-0.77,0.79
1.633,0.18,-0.01,-0.88,0.90
1.643,0.20,0.00,-0.92,0.94
1.653,0.20,-0.00,-0.89,0.91
1.663,0.20,0.01,-0.77,0.80
1.674,0.20,-0.00,-0.65,0.68
1.683,0.21,-0.01,-0.57,0.61
1.694,0.18,-0.00,-0.55,0.58
1.704,0.19,-0.00,-0.58,0.61
1.714,0.21,-0.00,-0.66,0.69
1.724,0.20,0.00,-0.76,0.79
1.734,0.18,0.00,-0.81,0.83
1.744,0.21,-0.00,-0.82,0.85
1.754,0.21,0.00,-0.76,0.79
1.764,0.19,0.01,-0.69,0.71
1.774,0.19,0.00,-0.64,0.67
1.784,0.21,-0.01,-0.63,0.66
1.794,0.21,-0.00,-0.63,0.67
1.804,0.18,-0.00,-0.66,0.69
1.814,0.19,-0.01,-0.74,0.76
1.824,0.21,0.01,-0.77,0.80
1.834,0.19,-0.01,-0.77,0.80
1.844,0.20,-0.01,-0.73,0.76
1.854,0.19,0.01,-0.68,0.71
1.864,0.21,0.00,-0.65,0.68
1.874,0.20,-0.00,-0.63,0.66
1.884,0.20,0.00,-0.65,0.68
1.894,0.20,-0.01,-0.69,0.72
1.904,0.18,0.00,-0.74,0.76
1.914,0.18,-0.01,-0.74,0.77
1.924,0.20,0.00,-0.73,0.76
1.934,0.20,0.02,-0.70,0.73
1.944,0.20,-0.01,-0.69,0.72
1.954,0.20,-0.01,-0.67,0.70
1.964,0.21,-0.02,-0.67,0.70
1.974,0.18,0.02,-0.68,0.71
1.984,0.20,0.00,-0.69,0.72
1.994,0.20,-0.01,-0.71,0.74
2.004,0.18,-0.01,-0.72,0.74
2.014,0.19,0.01,-0.71,0.74
2.024,0.20,0.01,-0.70,0.72
2.034,0.18,-0.01,-0.68,0.71
2.044,0.19,-0.00,-0.68,0.71
2.054,0.18,-0.01,-0.66,0.68
2.064,0.21,-0.01,-0.68,0.71
2.074,0.18,-0.01,-0.69,0.72
2.084,0.19,-0.00,-0.70,0.73
2.094,0.20,-0.01,-0.68,0.71
2.104,0.20,-0.01,-0.67,0.70
2.114,0.19,0.01,-0.65,0.68
2.124,0.18,0.00,-0.63,0.65
2.134,0.19,0.01,-0.63,0.66
2.144,0.18,-0.01,-0.63,0.66
2.155,0.17,-0.00,-0.61,0.64
2.165,0.17,0.00,-0.63,0.65
2.174,0.17,-0.01,-0.62,0.64
2.184,0.18,0.01,-0.60,0.62
2.195,0.16,0.00,-0.58,0.61
2.205,0.17,0.01,-0.56,0.58
2.215,0.16,-0.02,-0.55,0.57
2.224,0.17,0.01,-0.54,0.56
2.235,0.17,0.00,-0.53,0.56
2.245,0.15,-0.00,-0.55,0.57
2.255,0.15,0.00,-0.53,0.55
2.265,0.15,0.01,-0.52,0.54
2.275,0.13,0.00,-0.50,0.52
2.285,0.13,-0.01,-0.49,0.51
2.295,0.14,0.01,-0.47,0.49
2.305,0.17,-0.01,-0.47,0.50
2.315,0.14,0.00,-0.48,0.50
2.325,0.14,-0.01,-0.46,0.49
2.335,0.14,0.00,-0.47,0.49
2.345,0.14,0.02,-0.45,0.47
2.355,0.15,0.00,-0.44,0.46
2.365,0.15,-0.01,-0.43,0.46
2.375,0.12,0.00,-0.43,0.45
2.385,0.13,0.00,-0.42,0.44
2.395,0.13,0.01,-0.42,0.44
2.405,0.13,0.00,-0.41,0.43
2.415,0.12,0.01,-0.43,0.44
2.425,0.13,0.02,-0.42,0.44
2.435,0.14,0.01,-0.40,0.42
2.445,0.12,0.00,-0.40,0.42
2.455,0.11,0.00,-0.38,0.40
2.465,0.13,-0.00,-0.38,0.40
2.475,0.11,0.00,-0.38,0.40
2.485,0.10,0.01,-0.38,0.39
2.495,0.14,0.00,-0.37,0.39
2.505,0.10,0.01,-0.36,0.37
2.515,0.11,0.01,-0.37,0.38
2.525,0.10,-0.01,-0.36,0.37
2.535,0.11,0.00,-0.36,0.37
2.545,0.11,0.02,-0.35,0.37
2.555,0.11,0.02,-0.35,0.37
2.565,0.12,0.02,-0.36,0.38
2.575,0.10,0.00,-0.35,0.36
2.585,0.10,-0.00,-0.33,0.35
2.596,0.11,0.01,-0.34,0.36
2.605,0.11,0.00,-0.33,0.35
2.615,0.10,0.02,-0.30,0.32
2.625,0.10,0.00,-0.31,0.33
2.635,0.10,0.00,-0.31,0.32
2.645,0.10,-0.00,-0.31,0.32
2.656,0.09,0.02,-0.31,0.33
2.666,0.08,0.01,-0.32,0.33
2.676,0.08,-0.00,-0.31,0.32
2.685,0.08,0.01,-0.30,0.31
2.696,0.08,0.00,-0.30,0.31
2.706,0.10,0.01,-0.31,0.32
2.716,0.08,-0.01,-0.32,0.33
2.726,0.10,0.01,-0.28,0.30
2.736,0.10,0.01,-0.29,0.31
2.746,0.09,0.01,-0.30,0.31
2.756,0.09,-0.00,-0.29,0.30
2.766,0.08,0.01,-0.28,0.29
2.776,0.09,0.02,-0.27,0.29
2.786,0.09,0.01,-0.29,0.30
2.796,0.08,0.00,-0.28,0.29
2.806,0.09,0.01,-0.27,0.29
2.816,0.08,0.02,-0.27,0.28
2.826,0.06,-0.01,-0.27,0.28
2.836,0.09,-0.00,-0.26,0.27
2.846,0.08,0.02,-0.26,0.27
2.856,0.06,0.01,-0.26,0.27
2.866,0.07,0.01,-0.24,0.25
2.876,0.07,0.01,-0.25,0.26
2.886,0.10,0.01,-0.26,0.28
2.896,0.08,0.01,-0.25,0.26
2.906,0.08,0.00,-0.24,0.25
2.916,0.09,0.01,-0.25,0.27
2.926,0.08,0.02,-0.25,0.26
2.936,0.07,0.03,-0.24,0.25
2.946,0.08,0.01,-0.23,0.24
2.956,0.07,-0.01,-0.24,0.25
2.966,0.05,0.00,-0.23,0.23
2.976,0.06,-0.01,-0.25,0.26
2.986,0.07,0.01,-0.23,0.24
2.996,0.06,0.01,-0.25,0.26
3.006,0.05,-0.00,-0.23,0.24
3.016,0.08,0.02,-0.23,0.25
3.026,0.07,0.00,-0.24,0.25
3.036,0.07,0.02,-0.22,0.23
3.046,0.06,0.02,-0.23,0.24
3.056,0.05,0.01,-0.22,0.22
3.066,0.07,-0.01,-0.22,0.23
3.076,0.07,0.00,-0.22,0.23
3.086,0.05,0.01,-0.22,0.22
3.096,0.07,0.01,-0.22,0.23
3.106,0.06,0.00,-0.21,0.22
3.116,0.06,0.01,-0.23,0.23
3.127,0.06,0.01,-0.21,0.22
3.137,0.07,0.01,-0.22,0.23
3.146,0.07,0.01,-0.21,0.22
3.157,0.08,0.00,-0.20,0.22
3.167,0.07,0.01,-0.21,0.22
3.177,0.06,0.01,-0.20,0.21
3.186,0.08,0.01,-0.20,0.22
3.197,0.07,0.01,-0.20,0.21
3.207,0.07,0.01,-0.18,0.20
3.217,0.05,0.00,-0.19,0.20
3.227,0.07,-0.00,-0.19,0.20
3.237,0.08,0.02,-0.19,0.21
3.247,0.06,0.01,-0.18,0.19
3.257,0.06,0.01,-0.19,0.20
3.267,0.07,0.00,-0.19,0.20
3.277,0.05,0.01,-0.19,0.19
3.287,0.06,0.01,-0.19,0.20
3.297,0.05,-0.00,-0.19,0.20
3.307,0.04,-0.00,-0.19,0.19
3.317,0.06,0.01,-0.19,0.20
3.327,0.06,0.01,-0.18,0.19
3.337,0.06,0.01,-0.19,0.20
3.347,0.06,0.01,-0.18,0.19
3.357,0.05,0.00,-0.18,0.18
3.367,0.05,0.02,-0.17,0.18
3.377,0.06,0.02,-0.17,0.19
3.387,0.07,0.01,-0.17,0.18
3.397,0.06,0.00,-0.17,0.18
3.407,0.04,-0.00,-0.18,0.18
3.417,0.06,-0.01,-0.18,0.18
3.427,0.06,0.00,-0.17,0.18
3.437,0.06,0.01,-0.18,0.19
3.447,0.05,0.01,-0.17,0.18
3.457,0.05,0.01,-0.17,0.18
3.467,0.05,0.00,-0.16,0.17
3.477,0.06,0.01,-0.17,0.18
3.487,0.07,0.02,-0.16,0.17
3.497,0.05,-0.00,-0.16,0.17
3.507,0.06,-0.00,-0.17,0.18
3.517,0.06,-0.00,-0.16,0.17
3.527,0.05,0.01,-0.15,0.16
3.538,0.04,0.02,-0.16,0.16
3.547,0.04,0.01,-0.15,0.16
3.558,0.05,-0.00,-0.14,0.15
3.567,0.03,0.01,-0.17,0.17
3.578,0.07,0.02,-0.16,0.18
3.587,0.05,0.00,-0.15,0.16
3.598,0.02,0.01,-0.17,0.17
3.607,0.03,0.01,-0.17,0.18
3.617,0.04,0.01,-0.16,0.16
3.627,0.04,-0.00,-0.15,0.16
3.638,0.04,0.01,-0.15,0.16
3.648,0.04,0.02,-0.17,0.17
3.658,0.05,0.01,-0.17,0.18
3.667,0.06,-0.00,-0.16,0.17
3.678,0.06,0.02,-0.15,0.16
3.688,0.07,0.01,-0.15,0.16
3.698,0.05,0.01,-0.14,0.15
3.708,0.07,-0.01,-0.16,0.17
3.718,0.04,0.00,-0.15,0.16
3.728,0.05,0.01,-0.14,0.15
3.738,0.04,-0.00,-0.15,0.16
3.748,0.05,0.03,-0.16,0.16
3.758,0.05,0.02,-0.15,0.15
3.768,0.06,0.01,-0.13,0.15
3.778,0.05,-0.00,-0.15,0.16
3.788,0.05,0.00,-0.15,0.16
3.798,0.05,0.01,-0.13,0.14
3.808,0.03,0.03,-0.16,0.16
3.818,0.04,0.02,-0.15,0.15
3.828,0.04,0.01,-0.12,0.13
3.838,0.03,0.02,-0.13,0.14
3.848,0.04,0.01,-0.15,0.16
3.858,0.05,0.01,-0.13,0.14
3.868,0.05,0.01,-0.13,0.14
3.878,0.04,0.01,-0.14,0.14
3.888,0.03,0.01,-0.14,0.15
3.898,0.05,0.00,-0.14,0.15
3.908,0.05,0.03,-0.15,0.16
3.918,0.03,0.01,-0.13,0.13
3.928,0.04,0.01,-0.15,0.16
3.938,0.05,0.01,-0.14,0.15
3.948,0.06,-0.00,-0.14,0.15
3.958,0.09,0.03,0.00,0.10
3.968,0.06,-0.06,0.46,0.47
3.978,-0.21,0.10,-0.33,0.41
3.988,0.30,-0.09,-0.49,0.58
3.998,-0.09,0.05,-0.68,0.69
4.008,0.08,0.00,-0.49,0.50
4.018,0.09,0.01,-0.07,0.12
4.028,-0.02,0.02,0.11,0.11
4.039,0.07,-0.00,0.17,0.19
4.048,0.05,0.01,0.19,0.19
4.058,0.09,0.12,-0.13,0.20
4.068,0.04,-0.03,-0.88,0.89
4.078,0.01,0.07,-0.77,0.77
4.088,0.19,-0.06,-0.71,0.74
4.099,0.21,-0.06,-0.82,0.84
4.108,0.24,-0.11,-0.62,0.67
4.119,-0.00,0.37,0.91,0.98
4.129,0.07,-0.07,1.22,1.23
4.139,-0.11,-0.36,1.55,1.60
4.149,-0.14,0.18,1.32,1.34
4.159,0.10,-0.02,0.55,0.56
4.169,-0.02,0.18,-0.04,0.18
4.179,-0.14,-0.01,-1.57,1.57
4.189,-0.04,0.24,-1.11,1.14
4.199,0.13,-0.29,-1.26,1.30
4.209,0.12,0.16,-0.57,0.60
4.219,-0.26,0.05,0.07,0.27
4.229,0.15,-0.00,0.27,0.31
4.239,0.20,-0.13,0.24,0.34
4.249,0.01,0.01,-0.01,0.02
4.259,-0.07,0.11,-0.18,0.22
4.269,0.18,-0.13,-0.24,0.33
4.280,0.04,0.10,-0.54,0.55
4.289,-0.17,0.07,-0.63,0.66
4.299,-0.28,0.21,-0.44,0.57
4.309,-0.72,0.49,-0.37,0.95
4.319,-1.18,0.83,-0.30,1.47
4.329,0.09,0.74,0.23,0.78
4.339,0.11,-0.17,0.17,0.27
4.349,-0.08,-0.25,-0.14,0.30
4.359,0.06,-0.29,-0.71,0.77
4.369,-0.31,-0.40,-1.12,1.23
4.379,-0.60,0.15,-1.65,1.76
4.389,-1.25,-0.16,-1.91,2.29
4.399,-1.79,0.31,-1.56,2.39
4.409,-1.88,0.20,-1.08,2.18
4.419,-1.28,0.08,0.13,1.29
4.429,-0.49,-0.38,0.42,0.74
4.439,-0.24,-1.94,-0.02,1.95
4.449,0.10,-2.65,0.16,2.65
4.459,-0.35,-1.43,-0.37,1.52
4.469,-0.68,-2.10,-0.57,2.28
4.479,-0.95,-4.24,0.52,4.38
4.489,-0.82,-7.58,-0.29,7.63
4.499,-1.07,-9.12,-0.57,9.20
4.509,-2.33,-10.50,0.07,10.76
4.525,-4.11,-9.96,-0.34,10.78
4.530,-6.47,-8.92,2.85,11.38
4.547,-4.12,-6.58,3.81,8.65
4.550,2.58,-4.06,-21.79,22.32
4.560,-2.92,-8.99,21.11,23.13
4.569,0.69,-9.43,13.79,16.72
4.579,2.31,-10.78,10.72,15.38
4.590,3.33,-12.11,8.71,15.28
4.599,3.87,-12.74,6.40,14.77
4.609,3.96,-12.03,4.10,13.31
4.620,3.78,-10.39,2.62,11.36
4.629,2.86,-8.96,1.85,9.59
4.640,0.92,-8.74,1.29,8.89
4.650,-1.22,-9.07,0.87,9.19
4.660,-2.32,-8.42,0.45,8.74
4.670,-2.33,-6.76,-0.22,7.15
4.680,-1.78,-4.89,-1.11,5.32
4.690,-1.35,-3.43,-1.85,4.12
4.700,-1.37,-2.64,-2.10,3.65
4.710,-1.75,-2.38,-2.03,3.58
4.720,-2.25,-2.12,-1.87,3.61
4.730,-2.43,-1.64,-1.43,3.26
4.740,-2.53,-1.28,-0.78,2.94
4.750,-2.44,-0.96,-0.19,2.63
4.760,-2.12,-0.32,0.07,2.15
4.770,-2.14,-0.43,0.49,2.24
4.780,-1.03,-0.58,2.46,2.73
4.790,-0.45,1.00,1.97,2.25
4.800,-0.06,1.76,2.03,2.69
4.810,-0.55,1.88,1.86,2.71
4.820,-1.58,2.10,1.33,2.95
4.830,-2.73,2.12,0.51,3.49
4.840,-4.35,1.60,-0.23,4.65
4.850,-6.43,1.02,-1.24,6.63
4.860,-6.85,0.92,-2.87,7.48
4.870,-7.26,-0.03,-4.51,8.55
4.880,-7.51,-0.21,-6.26,9.78
4.890,-7.15,-0.08,-8.03,10.75
4.900,-6.55,0.29,-8.74,10.92
4.910,-5.50,1.27,-7.71,9.55
4.920,-3.93,2.26,-5.64,7.24
4.930,-2.34,3.21,-3.43,5.25
4.940,-1.32,3.85,-1.96,4.52
4.950,-0.29,4.06,-0.88,4.16
4.960,1.12,4.24,0.11,4.38
4.970,2.34,4.22,0.09,4.83
4.980,2.72,4.53,0.19,5.29
4.990,2.33,3.88,-0.03,4.53
5.000,1.47,2.80,-0.23,3.16
5.010,-1.23,1.01,-0.13,1.59
5.020,-3.36,-0.96,-0.30,3.50
5.030,-3.50,-2.09,-1.48,4.34
5.040,-2.49,-2.07,-2.99,4.41
5.050,-1.81,-1.46,-4.01,4.64
5.060,-1.18,-0.98,-4.31,4.57
5.071,-1.15,-0.74,-4.14,4.35
5.080,-1.35,-0.80,-3.27,3.63
5.090,-1.23,-1.41,-2.14,2.84
5.100,-0.56,-0.95,-1.18,1.61
5.110,0.43,-0.36,-0.86,1.03
5.120,-0.08,-1.17,-0.42,1.25
5.130,-0.92,-1.91,-0.94,2.32
5.141,-1.42,-1.95,-1.76,2.99
5.157,-1.16,-1.60,-2.32,3.04
5.161,-0.71,-1.79,-2.73,3.34
5.171,-0.73,-2.10,-2.96,3.70
5.181,-0.96,-2.12,-2.58,3.47
5.191,-1.02,-2.16,-2.06,3.15
5.201,-0.93,-2.26,-1.94,3.12
5.211,-0.30,-2.18,-1.87,2.89
5.221,0.69,-1.91,-1.16,2.34
5.231,1.68,-1.74,-0.35,2.44
5.241,2.31,-1.63,0.30,2.84
5.251,2.12,-1.76,0.35,2.78
5.261,1.16,-2.12,-0.11,2.42
5.271,0.10,-2.41,-0.60,2.49
5.281,-0.53,-2.48,-0.85,2.67
5.291,-0.67,-2.30,-0.87,2.55
5.301,-0.60,-2.09,-0.74,2.29
5.311,-0.27,-1.80,0.12,1.82
5.321,-0.11,-1.26,0.79,1.50
5.331,-0.29,-0.96,0.94,1.37
5.341,-0.64,-0.83,0.35,1.10
5.351,-0.92,-0.92,0.07,1.31
5.361,-0.52,-1.30,-0.19,1.41
5.371,0.08,-1.10,-1.01,1.50
5.381,0.75,-1.08,-1.74,2.18
5.391,1.15,-1.35,-2.27,2.88
5.401,1.43,-1.71,-2.46,3.32
5.411,1.80,-1.80,-1.89,3.17
5.421,1.88,-1.69,-0.96,2.70
5.431,1.61,-1.53,-0.42,2.26
5.441,1.04,-1.28,-0.37,1.69
5.451,0.51,-1.27,-0.76,1.57
5.461,0.13,-1.23,-1.23,1.75
5.471,-0.10,-1.04,-1.58,1.90
5.481,0.11,-1.01,-1.52,1.83
5.491,0.46,-1.05,-0.97,1.50
5.501,0.73,-1.03,-0.44,1.34
5.511,0.99,-0.96,0.06,1.38
5.521,1.03,-0.97,0.33,1.45
5.531,1.00,-1.26,0.37,1.66
5.541,1.20,-1.59,0.29,2.01
5.551,1.36,-1.64,0.37,2.16
5.561,1.42,-1.59,0.53,2.19
5.571,1.23,-1.45,0.63,2.01
5.581,1.00,-1.37,0.10,1.70
5.591,0.49,-1.09,-0.39,1.26
5.602,0.28,-0.99,-0.70,1.25
5.612,0.52,-0.26,-0.59,0.82
5.622,0.44,0.01,-0.45,0.63
5.632,0.06,-0.63,-0.39,0.75
5.642,0.14,-0.86,-0.17,0.89
5.652,0.36,-0.85,-0.14,0.94
5.662,0.12,-0.88,-0.44,0.99
5.672,0.01,-0.76,-0.88,1.17
5.682,-0.08,-0.43,-1.05,1.14
5.692,0.03,-0.28,-1.06,1.10
5.702,0.20,-0.31,-1.08,1.14
5.712,0.06,-0.35,-1.00,1.06
5.722,0.11,-0.29,-0.74,0.80
5.732,0.22,-0.26,-0.30,0.46
5.742,0.02,-0.32,0.12,0.35
5.752,-0.15,-0.39,0.17,0.45
5.762,0.02,-0.64,0.10,0.64
5.772,-0.17,-0.68,0.01,0.70
5.782,-0.59,-0.58,-0.61,1.03
5.792,-1.04,-0.26,-0.97,1.44
5.802,-1.29,-0.15,-1.23,1.79
5.812,-1.00,-0.25,-1.32,1.68
5.822,-0.23,-0.09,-1.01,1.04
5.832,0.62,0.28,-0.18,0.70
5.842,0.97,0.42,1.05,1.49
5.852,0.51,0.30,1.49,1.61
5.862,0.01,0.11,1.51,1.52
5.872,-0.30,0.37,1.14,1.23
5.882,-0.14,0.79,-0.57,0.98
5.892,0.12,0.71,-1.96,2.09
5.902,0.06,0.14,-1.49,1.50
5.912,-0.76,-0.97,-0.33,1.28
5.922,-0.86,-1.20,0.14,1.48
5.932,-0.14,-0.62,0.53,0.82
5.942,0.74,-0.63,0.48,1.09
5.952,1.39,-1.24,0.30,1.89
5.962,1.34,-1.25,-0.01,1.83
5.972,1.19,-0.95,-0.35,1.56
5.982,0.66,-0.53,-0.17,0.87
5.992,0.01,-0.05,0.51,0.51
6.002,-0.52,0.19,1.21,1.33
6.014,-0.86,0.20,1.97,2.16
6.022,-1.02,0.15,2.19,2.42
6.032,-0.93,-0.03,1.90,2.11
6.042,-0.80,-0.26,1.25,1.51
6.053,-0.60,-0.45,0.46,0.88
6.062,-0.25,-0.57,-0.01,0.62
6.072,0.08,-0.61,-0.34,0.71
6.083,0.33,-0.55,-0.63,0.90
6.093,0.51,-0.33,-0.42,0.74
6.103,0.45,-0.21,-0.12,0.51
6.113,0.03,-0.44,-0.29,0.53
6.123,-0.35,-0.52,-1.00,1.18
6.133,-0.27,-0.23,-1.93,1.96
6.143,-0.18,0.04,-1.77,1.78
6.153,-0.24,0.25,-0.61,0.70
6.163,-0.22,0.11,0.53,0.59
6.173,-0.09,-0.16,1.55,1.57
6.183,0.09,-0.49,2.01,2.07
6.193,0.30,-0.83,2.02,2.20
6.203,0.46,-0.90,1.77,2.03
6.213,0.64,-0.68,1.52,1.78
6.223,0.44,-0.71,1.21,1.47
6.233,-0.00,-0.86,0.85,1.21
6.243,-0.21,-0.75,0.49,0.92
6.253,-0.16,-0.54,0.08,0.57
6.263,0.05,-0.42,-0.35,0.55
6.273,0.24,-0.39,-0.67,0.81
6.283,0.37,-0.41,-0.86,1.02
6.293,0.45,-0.51,-0.80,1.05
6.303,0.50,-0.72,-0.53,1.02
6.313,0.58,-0.97,-0.15,1.14
6.323,0.73,-1.05,0.50,1.37
6.333,0.69,-0.99,0.89,1.50
6.343,0.65,-0.98,1.16,1.65
6.353,0.67,-0.88,1.33,1.73
6.363,0.60,-0.86,1.44,1.78
6.373,0.40,-0.85,1.55,1.82
6.383,0.27,-0.80,1.30,1.55
6.393,0.22,-0.72,0.89,1.17
6.403,0.14,-0.72,0.60,0.95
6.413,0.10,-0.63,0.27,0.69
6.423,0.09,-0.50,0.01,0.51
6.433,0.13,-0.33,-0.10,0.37
6.443,0.14,-0.29,-0.12,0.35
6.453,0.10,-0.34,-0.01,0.36
6.463,0.13,-0.38,0.06,0.41
6.473,0.22,-0.48,0.21,0.57
6.483,0.21,-0.57,0.24,0.66
6.494,0.28,-0.55,0.27,0.68
6.504,0.38,-0.56,0.24,0.72
6.513,0.36,-0.59,0.25,0.74
6.524,0.22,-0.62,0.22,0.70
6.534,0.17,-0.44,0.19,0.51
6.544,0.01,-0.32,0.20,0.38
6.554,-0.30,-0.40,0.11,0.51
6.564,-0.43,-0.30,0.07,0.53
6.573,-0.40,-0.11,0.21,0.47
6.584,-0.45,-0.05,0.42,0.61
6.594,-0.60,-0.12,0.64,0.89
6.604,-0.66,-0.35,0.81,1.10
6.614,-0.50,-0.49,0.79,1.06
6.624,-0.18,-0.43,0.73,0.87
6.634,0.41,-0.27,0.20,0.54
6.644,0.62,-0.25,-0.22,0.70
6.654,0.27,-0.15,-0.29,0.42
6.664,-0.28,-0.45,-0.18,0.56
